"x1","x2","x3","x4","x5","x6","x7","x8","x9","x10","x11","x12","x13","x14","x15","x16","x17","x18","x19","x20","y"
-0.374962449086837,-1.33646196530814,-0.472480539334257,0.179183497163991,2.85357614116019,-0.508267390042786,4.72588487793214,-0.293577753616187,-2.57768514835337,-0.922976448928167,0.92708476705975,-1.83537036399405,-1.82723386127405,2.84373613602492,0.629148883801608,2.35240534166938,-4.17204903894747,-2.16589727582124,0.922809700943552,-3.5401959858071,-2.98563165440412
0.0617433131220537,1.19453369330716,-0.744549403076492,0.546029515741144,5.00714099792415,2.12090204954004,2.64512790681896,0.0674975765160218,4.13869334276691,-1.40439858444809,2.74061771000616,1.03347923572634,-0.176776485259201,1.92081694083654,-2.20956309634285,0.0551553330126587,-0.369558068214676,-3.46057067223341,-2.00818578296595,-1.03569537389223,2.7105439768782
0.400327000225403,0.723538161065115,0.612150102975405,0.0978605170675031,-4.08565577263317,0.218777596372469,3.60054859302916,0.2799644076798,2.95731980500377,-2.49207595251415,-0.627237167190884,-0.588511103450738,0.917432520497868,3.91977980007216,-3.52162535414464,-3.34777567400702,-3.92449354202242,0.0266833344246845,0.551628299081964,-0.694248398421473,3.27480855736137
0.721882414726222,0.743557457980223,-1.1134632233022,0.971053813596318,2.73729151858019,1.94636224380129,-2.00461907745435,0.795528023961226,-4.98785183050272,1.62387814388261,1.31090532706031,0.774039445629943,-1.9409730902999,2.56852462133429,2.1217081644521,-0.0768917501209522,0.479253467779449,-0.145011505048462,-2.56477274231478,-3.28030246227692,5.72493602558981
1.2494346802941,-0.303858960188321,-1.64993113808705,1.69894669283718,-2.07850297968933,-0.662115649919783,-2.48426566291107,1.09201694269765,0.780615780547633,-0.174261566833239,1.70692658337516,-1.03616247879299,4.16758801227326,-4.1959891237464,2.78658433936608,-1.92188726855781,5.46170870472641,-1.96005976376077,-0.586398102133323,-0.33994656265095,3.32731223140262
-1.67981995784817,0.690059027450833,-0.0674928744780048,-0.168006896637384,2.46112946850765,-1.7148013829769,-4.28882097625611,-1.36716660020166,-2.18131258100167,-1.25252392742217,-1.87001873345671,2.89794570066481,0.243505756034622,-1.38699846567162,0.30120518994852,-0.240054067082299,1.73624148992829,-5.85896630494176,2.03425360195289,-1.38524420842255,-7.03330796032284
-0.594149758581365,0.370187837326209,-0.183280136150227,1.04115305930724,0.473006156439972,1.89966299910364,-0.715053358198818,-0.368762950435883,1.83145420834581,-1.49250209134393,3.50705724987942,3.61974882663402,-1.58915170090424,-2.14783263079422,4.04073453780137,-2.52022175239768,-2.37288790188422,2.14109458443687,0.400397952147983,5.38400926039252,0.074330523375991
0.332397783124153,-0.914807289888772,1.22541988886973,-0.564339327474372,1.07865424040242,-0.839642621891193,0.548501270263431,0.379821894320903,2.04418206611774,0.469644884749039,-0.89302788879752,-0.379140824851767,-1.13891991889395,1.72007434864651,-3.73994580250633,-2.70343298322701,3.77934639132756,1.51862946925424,-1.64238199638836,0.296155113988471,0.247802822633287
0.935101907856119,0.107651634021659,0.735183230866726,0.692609022490159,7.19851686996447,-3.58837552372035,-1.60890102985255,0.872388261918335,-4.91693352376875,2.70796703487997,5.96295860495888,1.19388841069638,0.192199930124177,6.49756137047758,-0.0923683470591776,-3.78893616551672,-4.07886917918549,-1.45357966063672,0.732945049951982,8.24687469150408,6.427530813408
-0.584173659684634,-0.768790115794974,-1.25967895093143,-0.166350532409535,-5.32079910531365,1.19291985077305,-0.312144209888752,-0.405895206873081,5.8610624294114,-2.77030613210715,-0.502588996167527,-0.363394466437881,-2.80947442170151,-2.13115011148797,0.534057640635145,4.78400958966411,3.80528745102947,-5.12126282639883,-2.43663859517779,0.657311523687782,-4.77209210600066
-0.822705663340368,1.65076193616191,-0.069702314009372,-0.19340860435625,0.165699909249732,2.2660641811189,0.222987481460016,-0.747851507451455,-0.908986022447219,6.71938963139361,-3.27852501707968,-0.788069856385446,-0.252750176086766,0.674894603873519,-3.39353950142541,3.11793038999024,-1.99876078278943,0.329654017162497,-5.98939553227275,1.05651767434351,-0.265567833846584
2.67173148043945,1.10765524603824,-1.66307841468601,0.221663105074437,-2.29384553399487,-3.63875826196972,2.32497888809398,2.23662480578974,-1.74167507563155,1.1835207069551,4.92181721972912,-8.74360857536947,-0.612713190711113,-4.97123735220262,0.270536981406509,2.83259498069556,-2.78066986178858,-0.277603877576532,2.87580895043301,-0.209023810525726,9.84324203747063
0.80051595467337,0.263865370017062,-0.699777225281223,0.244945430000068,-3.79587720555618,1.52785890784414,0.869153803247231,0.719338020156794,2.41940293651613,6.63955583328593,-3.77750345414501,1.11716191474572,-2.08209409827278,-1.33016523315263,4.95749608652008,-0.702747761028374,-0.981821455143234,-0.102547856412714,-4.20170218196054,-0.896251408228687,3.93236179945659
-0.393196790599442,-1.99418905099626,-1.14870513463952,0.925969970842402,1.8805400984824,-2.54408384653566,-3.21373275798561,-0.151198527395505,6.0437618462667,1.23138675871685,-3.53948673375072,-2.54978520792465,0.8331793509937,0.881932301125588,-0.493026791713545,4.8454564332064,1.16794392974071,-1.10632307105678,-4.27823412551116,3.01511479217692,-3.93648929846306
-1.6720487718073,-1.45158078212196,-0.281112892445953,0.685079492827967,1.73151749637851,0.327884435858118,3.80847271337061,-1.19720275839507,-0.415282501791844,-1.47744625926484,2.93569843816802,-5.30042835866301,-7.97353146728844,5.54444159662798,-1.1306630887434,-0.414068162685093,5.54048053359476,1.05617125760185,2.77747043206884,1.32119976218071,-9.82674510682423
1.92297789981614,0.558274105613806,-0.627935141867752,1.38036224075533,-3.76275145063453,3.26727443592821,-5.483446661043,1.38810640782263,-0.109642125990454,-4.07903526231239,-3.55823029162175,-1.94667342842835,1.62295203514838,1.13418501713108,4.4086092694761,-1.75464221874395,2.44792813247349,-3.25970166895797,-6.60994765259645,-4.63338523542588,11.0507866602253
-1.53150066791329,-0.695993822504931,-0.936934428023768,0.43692569576561,5.18945834083685,-2.53827324089004,1.53111190695256,-1.25094704307622,0.535947413713138,-1.40974590551335,-5.88170021457448,4.37586492715538,0.0635425588166717,-1.45426181327582,1.48952288723217,-4.16420087345568,0.0269790949790285,3.96610646895789,-0.793245504327098,-0.922716113315397,-7.55137937050636
1.02383516270273,0.162072390355531,-0.334866527904566,-0.771101040706464,-3.27448074939046,2.60038749388584,0.765137110530881,0.752769064910143,-3.48697572074546,4.94641945555719,1.79889302961837,0.222129459740941,-2.79687955904111,0.557044401931956,-11.1664759080795,6.18842747659242,4.50067011018196,2.72107746519795,1.24643636247077,-0.105634173636942,3.8678851828357
-2.4861784288751,0.56431666020394,-1.36502198763814,-0.14330053392093,0.601769160818957,-3.41488999518246,2.14877003401598,-2.05956298368067,2.44773090316358,-1.19593691368065,-4.33091855460315,-4.31382625780367,-1.86690934787358,-0.496131338336472,3.10071712012566,-2.3160884913473,-1.11839664771942,0.148977392602579,-5.46655330724208,-2.53444465079121,-9.65561413675043
0.406962287542115,-1.72514686170473,-1.35129322287403,-0.201569338837777,-0.100307123230732,0.338422305427236,-0.952305818363168,0.323824823877667,0.0300995620242333,-4.23464301018531,4.46279594629811,4.12803697986203,-0.60556609747736,0.222011229004525,-3.69067532054588,0.156743280634684,1.54011763520044,-0.375257964453902,3.72279042047025,-0.618389479018649,-0.610733802270858
2.06447244590738,-1.24507456772497,-0.372295636443699,1.23011718621385,-0.32266459902952,2.11953701580815,1.87459098183597,1.63935227740898,1.73537744450343,1.24663406378123,1.12118178262813,1.61314275735169,1.67703735830228,0.116648562623024,0.458894633328566,-0.082892460851222,-2.8485681034448,-3.5775676296673,3.74641093986722,0.777850515662539,6.33592821131222
0.0898310119980241,-0.896487549736663,-1.02291023860165,0.66284187572267,-1.26016184835769,5.21982376411662,-5.3297354872478,0.166426406123901,-3.37330400336226,0.167028297780391,2.46486082977011,2.24388061709293,1.60659264283793,3.14803183005357,-2.73785506565941,0.246378254799074,-5.37462271836165,0.121857929703579,-0.714597110815127,2.48260567893072,-1.20835362565545
-0.864097496899305,0.465366863287481,-1.72687327554051,1.09821742728742,-2.49466732913679,1.49562468560703,0.728796735468925,-0.633813086239273,-0.459602728342615,-0.862937669654649,2.57312562575646,4.06496836949602,1.27056429662548,5.32132314842393,1.11707471301286,-7.0169314401698,-3.26064878259149,-3.42345094496731,-0.24968648776584,-1.37101664246954,-4.516224760761
-0.907641756935045,-1.19037007687481,1.16896103632656,-0.00662673857991944,2.030225968709,-2.87887970623379,1.4041508837298,-0.60178053497612,1.68737953015441,-0.268012558959022,1.60319349407795,3.17979500433836,5.30077308051388,-3.90342517779903,2.3698203946411,0.546795113932733,1.32948716781049,-1.69106805448936,3.58834501958255,-4.17350205120558,-2.4907543920134
-0.205754909028269,-0.0897092243096426,0.510170120925285,-0.220305127742681,-2.83345512401636,0.55767967421352,0.416954843398559,-0.0428812550806464,3.19950955973667,-1.34948142377773,-0.560133919109227,2.22939912233124,2.16202000550543,-1.87450867494627,-0.798926360972764,0.297361830053396,5.09121623066206,-2.3818499505237,2.16497916558106,0.965789549732199,0.372386388033929
1.62400643988838,-0.386352878097173,0.163693751373431,0.921037870635083,-0.972465680844742,-1.37545477988279,4.68244542808565,1.12241887669709,1.72611365131413,-3.87175403200859,-1.37216866548694,-1.94307004429206,0.0975961919726925,-1.96079013286019,-3.15211863892687,4.37181759224725,6.24270387101033,1.1531985473679,1.39857685991612,0.342946801268577,6.34521017282546
-1.42076373555401,0.326003033164436,0.637217238791719,0.738567111006748,1.03327042627589,0.45497264459872,-2.46968477506509,-0.981135069287841,1.61726732708443,6.12757063592797,-2.00383575553327,-0.544179882984571,-1.89813174960959,-0.224074893184217,-2.34879895241567,4.12114842656273,-0.481071591474976,0.845826598364698,-0.603214435935217,-3.2965771751945,-3.13735545348589
-1.1673033290261,1.57112467948198,-0.865431045342714,0.383380173858185,7.34469297232471,1.51080140345093,1.14040010844841,-0.956362370304765,-1.98691326124812,3.77062127492294,-0.635903729158105,0.32569520620566,-1.75170494923968,2.47414222934923,-2.95210102877119,0.129099363754947,-0.402494157302372,-1.90085096276032,1.36274675642916,3.83250720297472,-1.71194888235249
-0.08559179188379,-1.37405004750573,1.91228800528169,-0.560902543845096,1.50736046785302,0.890270935202281,3.4660379138,-0.0802332510673101,-2.649813243134,-4.15158856094675,-1.86832834898591,-1.36673839510529,2.15609369902471,2.07420765171831,-4.27531746679793,-3.9878949962735,-4.0209075064925,-0.593654068419058,-2.23100169419032,4.27169982768748,0.727641519102174
-0.267204623523016,0.168079846720456,1.81450229563596,-0.24728197224316,-2.93139728368819,-5.6548423691022,0.383154163031024,-0.30208816655241,0.768513645600634,-2.12209554121225,-1.71571466933215,2.58303073869558,-3.39938003944555,-0.410732218745357,1.89296370719548,-1.689253705293,-0.267877655557216,2.92097163934353,0.917378962844613,2.19652049480411,2.27245312727478
2.28753479838224,-1.81008892236023,-1.39002632491004,0.420119696855271,2.55516994169005,2.7479858304842,3.13080992872231,1.9029214976065,-7.01968473995995,-1.13129638022711,-4.62359882404389,-0.776177928097229,-4.00251865982392,3.53624437677258,-3.32146874370692,0.978822095378492,2.06308496921389,-3.37943342113069,-2.84812232207977,1.93777159310946,6.08689787315325
0.432158056147557,-0.126857827473957,-0.769601688677457,-0.768074789507972,-1.90044467252232,0.701863236578581,0.716736890344169,0.58731118575192,-0.741666522245198,4.62253059315471,2.05610032117651,-0.905008436868439,-0.752812208923156,2.51437624728196,-0.855060028355931,3.28802432293814,-4.70993697875551,1.12008005225959,-2.16994053700952,-1.53325310377218,-1.00621637843972
-0.811559867234698,-0.483589063778508,1.00174129791378,1.24684191277747,4.42402472748709,-0.296996034515508,0.177650958457977,-0.628566076462332,-7.28216645031763,1.50688875604235,-3.66222704388741,4.46226362523038,-5.05387987741519,0.725924068204843,-4.61231660686593,-4.64808880151527,-6.10367465583116,-0.650177996054207,-2.81729424465298,3.0878844802124,-0.470911524188041
0.583490047778337,2.89840664101694,-2.20608987059597,0.902725899220094,-0.768105262915314,1.89278148172275,0.079746618179851,0.34463471388593,-0.420686019864773,7.97775706623268,1.36599676002989,-3.52653675219329,4.20254898952867,-1.68227490088976,-4.09260646994927,-0.604997732032257,-4.91081902144712,6.17016249582694,-0.00752573223992324,0.873967284784141,4.3050366974233
1.37574329779983,-0.143364202495425,0.61172483792563,-0.961524239316461,2.84779446800493,2.36359625810551,-1.5058784232265,1.21477885747364,-0.653410988821487,0.766094634965985,0.602856907289553,1.62843945437913,-2.77274780843079,-1.88277292763713,-1.89673736721556,-1.46971047056328,-2.68222029633425,3.94941214664719,-1.49037727925614,-2.9430429355879,3.898422088812
1.73540524864942,-0.3924764613183,0.932647352035383,-1.16745310959039,-0.838393754861706,2.62363865103894,-2.27825086905181,1.29212124974709,1.57350543543182,0.663850613357563,-0.203886940148347,-4.55139854987089,0.152425295022386,3.07945091620289,-0.792157333491048,3.88066546000943,0.82297070195096,-0.32156741458576,-4.30116253425342,-3.70976800425334,5.94848257629322
-1.10126758404954,0.323713581273813,-0.432828590423552,1.26467210777636,1.80179097889418,3.04381829272256,-2.2494659836005,-0.77632732217321,4.37589626693641,3.94431633530394,-1.11972016298721,0.842263317921787,1.78149439712664,-1.53047849836302,-3.64834279959929,-1.92054834651933,0.654562773917994,-0.747114917155084,0.421277551942826,-1.50619307009517,-3.30110048365214
0.255651619340431,0.0551691045841496,-0.0991199578424129,0.985462777496761,0.803112211526041,-2.4460576097406,-0.225743592055681,0.277130600536715,-0.0632819689669586,2.09667061265363,-0.868753502473689,-4.43371908845225,0.655684584862525,1.98537772927271,-1.22694275716264,-9.87954174925496,4.89462991930414,-1.49201530328471,-3.64059926318497,-1.74954118114087,4.02080712781028
-1.19506563038609,0.786625353552697,0.690479836627125,1.41472801363269,-1.57044946700971,4.36257670955175,-0.261410336505028,-0.901256885274043,-2.99894977216142,1.84715186335398,5.48006510205427,3.114460711846,-8.06545473970023,-4.46752326284105,3.78310693853544,-1.45678778179863,-2.34450224431991,3.42422220537691,-4.00551897134623,2.34403983482658,1.80606877317619
0.149098803989259,-1.10572291245978,0.772270633584397,0.399085788041453,-0.259115975984778,-3.7075723896952,0.39562642878097,-0.125435256363982,-2.38644842812165,-2.68518555296563,-2.38595675447567,6.27769012923392,-2.7820021929885,-3.78290085968099,-1.60568844057596,2.14265917364792,1.48163198546399,5.25637637424187,-1.47436700661738,-0.897662938636448,0.485808005444221
0.544615149591638,-0.161780307807305,0.0150866151701784,-0.00681533369351086,0.152961839894838,2.25417239528764,0.49814365585001,0.574467289658092,0.924454361231848,-3.50672931785083,-5.93908335815265,1.58197091102209,0.204787132189521,2.20151811103254,1.95185716393255,-1.28335271251716,1.09542624907884,-0.615719403814326,-0.56016234916151,-2.7181329285036,2.75585227486027
0.321864861925231,0.576931543232423,0.946886788815487,-0.621061353599524,-1.39006703377433,-0.0479061944639546,-3.55121608076019,0.284479255645039,-4.09917460897164,2.91325969268409,5.02748151392946,-3.38531287016505,2.71402032022345,3.17763554931724,-0.0735590433955942,-3.1069944436974,-0.0899188342546954,-3.78511297963126,2.06439917719773,-4.8391282828937,-0.0314094720058193
-0.074389698284913,-0.945297238358846,-1.8933118578344,-1.09840177581131,0.671959389021575,-0.298693242562116,2.82689004342489,0.0891787175357322,-4.87443202799989,6.28666621964111,-7.03837808878755,2.59288269746488,0.247037903375068,-2.3879902283095,-4.53267950663316,-3.03761326130272,-1.14117945468694,-1.21204932513584,-0.0428269086623886,0.437140870473594,-6.43236674770634
0.210543398033376,0.90322091117992,-0.220246201368763,0.328647549399865,-3.2892377412548,-0.4888458822472,0.755625908736335,0.119217503652749,-1.60003676334999,-1.1803482699508,6.94664460934751,7.47244939959893,1.87241492376049,0.0614082969094939,1.88898756478198,-1.45456140237123,-2.80592898274999,0.59787506335311,2.94746660293461,-1.92208215534875,1.26015171892798
0.00378501277511914,-0.322268444125314,0.281219742267539,-1.03948310979809,-0.694073176830303,-0.341504524297225,1.24066140272258,-0.0305045988706605,-0.083064812303257,-1.21163854873709,0.575173156137609,1.59099808722019,1.03228002552694,-2.15520144270766,-0.138964225446399,1.78036047998789,0.262324883382416,-2.43399912445098,0.073064488258623,5.39789938631002,-1.97713095920995
0.350091585288636,-1.45317079159448,-1.59975926558204,1.63760173542857,-1.58246691320352,-0.45181374124934,-1.95334625660932,0.159255164437931,3.2004105155669,1.76484163371304,-1.19397884277761,2.665762183476,3.34314778302933,0.761133288752893,-1.17397784221574,5.63120442580128,1.8355733710003,-4.00576643983242,-1.36578367302429,2.84017300477669,-1.58402471220194
-0.836482462793628,-0.663188565322928,1.38101731044145,0.229440216633526,0.56177101577004,-0.271098629683018,2.34466790237898,-0.724494596009896,2.60128522460847,1.7496010619682,2.80644726420991,1.3902142675507,2.74610412630363,5.91758123347856,-3.12699817116297,1.48685406965128,1.4594362827389,0.375424359067661,-3.80667953642657,-6.8381583117685,-3.06424864982772
-0.563816810471577,0.493438903180812,0.398657929954779,0.586640431855551,0.362113867747918,5.1401178459616,4.82882667517513,-0.441346955959846,-0.728110575754487,0.0777788889278711,1.71116865102834,3.00733399530069,1.29748640970496,-2.82787643361053,-2.22750201927765,1.92931641623126,3.29267834791725,-4.09593051795639,1.82454326028875,0.970999604351298,-0.308337109465666
0.335213139390348,-0.0591424885897607,-0.374489265751703,0.521538448468915,1.15352945998271,-2.12407427674453,2.70975124599056,0.231777092133767,-2.04161113255692,-0.938813166124103,0.84801812776168,3.70020203370682,-3.83476252827577,5.8469913725874,-4.92437961178437,-1.0075310033409,3.33949180360307,2.04202817860423,0.0587189746574165,-5.85082060508879,0.409623560458015
-0.306442469183718,0.165870694686241,0.943656770834754,-0.709176448479584,-4.05517788905258,2.0777801932846,0.484882536322715,-0.370399682633871,1.06018767787699,-0.346415822877955,-1.32443952585566,-1.02283431315232,3.81623834615456,1.48992318908939,3.42637971524553,-0.967727041371636,1.88392865296433,0.777289793069074,3.07125934639091,-2.29627740627985,-1.68855625557469
1.32015693007707,0.268703546705561,-0.28563320518404,-0.920579143695106,-6.20301770772989,3.51960509324269,1.64355605001274,1.16481630282714,-7.90076487083681,2.13093744519995,-1.5682114496253,3.2137424822239,-4.53128779832361,-0.129565390407704,-1.41517221518655,-5.95659321538284,1.96244127434189,-1.16630740873669,-1.56757046631385,-6.61581453417651,1.78438434714148
-0.0934474791331942,-1.21053155219997,-0.547371267872486,1.36505733157777,-2.50079798139313,1.23927215951973,0.180137288328871,-0.0474354281061112,2.62935742064581,1.06073255239873,0.796790095605175,-3.50566602754983,0.629078699401821,-3.62443772604518,-2.52764195865608,-2.32188490516479,-3.54438595345032,2.39528216569044,3.76350502681254,-7.19369577556548,-0.784699032236697
1.18124164883288,1.43036744898264,1.40083370193709,0.392107885230148,1.29960120495189,-0.838910780598872,3.50928478602178,1.14275922421219,-3.01750468259525,0.0232023589072087,1.60397672676377,-2.80632343498656,-3.43695269812733,-2.0748479414132,-2.37684984077692,-1.19408071267339,-3.16287616035832,-2.66145886705907,-1.65115771672272,-0.574932688542914,10.5331677991543
-1.1095714129388,1.99125519316526,-0.369496381191426,0.0195230155025073,-0.796779834652006,1.9036995157682,3.58580154218538,-0.797484923684221,1.19295986366393,0.961503158981507,0.218897790805039,-5.26428209016947,-3.10704187980734,1.89919906257522,-1.4191678713574,-4.91405511557323,0.552211892630843,2.332682046996,0.510864791515825,0.160558738099386,-3.98070069309902
-0.995323567328913,0.211461140872279,-0.223314587866081,1.55245908279428,-4.82661202008976,1.7993546871329,1.37283621893181,-0.920721992727766,0.287385540142196,-2.8366587055426,-4.50130527041316,-4.36746312132914,3.24965282930641,-1.85107065618881,1.50280653192282,1.09456701667718,-2.58958940914913,2.92842563180295,2.39920405581278,5.19659023191824,-0.166574885131661
1.2455584455497,1.75755071465569,-1.24219072512206,-0.97976877026697,0.443341950225033,0.108349445041602,1.11273854274912,0.912074876641611,-0.746521725737992,-2.85338507147982,-4.25038412174567,2.25915199664271,-3.80084254703695,-0.799996830952882,-0.433385835739726,-1.76208038503641,1.47532471153879,3.5205105063475,-0.34938957805221,-1.25303986831602,2.64919660886583
-0.261854598520065,0.0617821069759171,0.234252661215314,-1.13825953139281,3.10457122537536,2.89351267203675,4.72225438731372,-0.190819787787509,1.67001637664307,3.68792859425317,3.54892613022978,-0.0208448321457222,1.44477052489927,1.07254353664463,3.04559243434673,-0.495852517048529,7.13629989825377,-0.485066781617455,1.3820590235893,-4.62135224842022,-1.74603297783299
-0.63414901177852,-0.878589559497568,0.448660910965503,-0.133375885068913,0.747465845268074,0.627371970877825,-0.937416117327437,-0.591078168101259,2.5431835601607,2.59229014751346,3.82725990492808,-2.09313947087557,0.675676927469392,0.39213205496759,-0.476711860515276,-3.0686026868654,0.964917605845568,1.6029964339867,1.56825359589754,-0.71203942859186,-3.08662034270745
-0.5762156718484,0.561553786839383,-0.40200974571216,-1.2666287868437,1.7175696336859,6.07731555698501,3.59515002591568,-0.375567108878897,2.15775410662975,-2.20002809865444,-0.386287095654932,4.40664256471692,2.89356957884738,-3.51386476075867,-0.934937332529022,-8.79160046553433,0.991551479117672,4.37044602109418,-4.35884693779732,0.337031563632908,-4.36658929817679
1.28960441982981,-1.09651254473286,-1.98341451703159,-0.724073611380636,1.47100851078956,0.527963612356309,-2.92210525417988,0.957500398840307,1.96045299192307,2.84217900723677,-2.71545915843094,-1.19305550256759,5.53331647799745,2.81714635885063,-0.944150091510985,-0.185449480696466,3.82780631816064,-5.02692125973996,5.76095599892913,0.218370156991802,-0.223414745133279
-0.594068933851898,-0.826534850780328,0.0695831659898184,-1.20778455404155,-0.0280108948320965,2.37486607366679,0.98947502694788,-0.386818605043395,1.3784300887942,-0.41985741606708,-2.75320499815401,1.72212784740451,1.5677508200334,5.41804303932186,-0.272389164297668,-0.13009529706504,-1.21692035583248,0.349587556663851,2.33743448556697,-0.945608441687174,-6.32877760567926
0.450553412724461,-0.265794747770476,0.147831099107506,-0.377970208411817,2.61781743756648,-0.0407829636173802,-3.6575184569452,0.244259556853745,-1.72151781870432,1.21794457228733,-0.145083139324451,-5.6439963608419,6.8333340216411,0.951642497076527,0.525107889667398,-4.48997387346181,-0.892192014291097,3.338622379746,1.79152659537033,-0.576517224507508,-0.332917210754132
-0.795867741741394,1.40790760912976,0.697709140856125,-0.901456616114208,2.21672679184493,-1.06796101141014,3.59341017732342,-0.473512232508346,-0.673191414569165,-0.995851354402312,-2.18576634521097,5.49334531513539,3.28203357519259,-1.77407461059826,3.36786809882516,1.02620549945491,3.35459195794999,-3.63501429649488,-0.697840015233108,-2.94663625501616,-3.47603476299203
-1.47498819379457,0.184152340223506,-1.93665456068733,0.357271350694156,-2.93211235536821,-4.4981739972801,7.25864279710788,-1.26735540138175,-0.165219200155247,-7.97452131702416,-0.854219971476857,-3.03049833589846,-2.05866111530108,-2.16395971983376,-1.98400342413655,4.38543807098383,0.0670766663874749,1.26765578111856,1.00949141040696,-0.353560241126099,-6.60430200379469
0.261203558769949,0.76413119809259,1.50418091967805,-0.206458413961164,0.155167381225715,0.333915627583546,1.9438729240919,0.388139239308427,-2.63607649134434,0.238607763368987,0.254947405346927,-4.53812760801517,-3.73382280578042,-3.59606008036586,0.741064659831095,-0.0143574362148944,-3.75003659386925,4.72544386744293,-1.72952401646905,0.173093341049039,3.58342521768045
-0.32267364253713,-1.53174019531723,-1.66031992213981,-0.954968180920904,-2.62333271350412,4.59411281276745,0.65909464346055,-0.0462304384909901,0.264857715558631,3.6560154454829,-3.82998973219661,0.169116911594651,-3.97110578970951,5.17521982455117,-2.64170098948216,4.67518981132586,0.387980629528733,-0.255443580482909,-3.07023755010559,1.41231269652384,-8.66571539979815
0.226527064970361,0.441256470381808,0.158461858249283,-0.147185013894606,-1.35091347021468,-0.835471233705927,1.60588879474169,0.250085871905609,-1.15312297602603,-1.65310793976928,-1.53159615436315,1.33585765726491,2.83261086543843,-1.73679822523959,0.108343120408489,-1.48920507419309,0.795011613126484,7.13124013969317,0.547244568292615,3.68543447522626,1.96100817988188
-0.745777664726496,-0.712277150523259,-0.00702542526690244,1.9065819048424,2.32380774022653,3.53037413509218,3.98906937447661,-0.653348907939552,3.33074209677923,1.9111668567108,1.0131893833967,-2.53705827440562,1.41073389825087,-4.968893257051,-1.90800299419555,3.62536103789227,3.43467989833833,0.278777481817444,1.92802333343231,3.47686788275389,-0.384739233727645
0.548325708485963,1.88081208173612,2.05441695644636,0.443493953190534,-2.54387596177387,4.47015233338269,1.38899082411998,0.612352517783718,2.9702350929771,-4.71266686684781,2.67671483076663,4.00919410588144,4.6925822657705,-2.23160787303522,-4.86866386918322,-0.336284762076213,-3.67929225795703,1.75952881544996,4.21422010387589,-2.5363526906513,8.32225798617223
-0.0127693613162333,1.738627709815,-1.74690236507752,1.08606795863651,-3.42528913563263,0.313469288448546,-0.340802308922839,0.116387435143796,3.83754549556567,-0.362607709904661,-0.201837949560263,-2.35900391213072,-0.554903202165311,-4.76047222197673,1.25645479629612,-3.56487734877679,2.49352817107295,1.12791360320511,2.83165866526702,2.69738484973168,2.07708281465987
0.144541751442938,-0.586171828797238,-0.0988758813855998,-1.33127568076341,2.18521738986892,1.69949547205229,-4.86717677061416,0.229977074119161,0.323232359085076,5.5326039083484,-1.22601863813845,-1.73473430818726,3.87253602023906,0.979248243896561,-3.60391863855095,2.51797619808637,-2.47319173599196,-7.37422592015102,-1.91756043216745,-1.20066466953734,-2.09639491102942
0.802016875363213,0.00925992479436318,-0.358255745606205,-1.15540597452205,3.39177099090617,0.149532153765282,1.28319409169592,0.658563564957,3.60618148311271,1.94766505036483,0.586292489123449,-4.66208913491715,-2.64749110581204,0.379227260386568,1.7476545406632,3.46894499197428,-3.67013145655143,-2.10300886090029,-0.949503894534882,-0.919507421311112,-0.227770541232991
-0.0706145815806591,0.138580735229806,0.349482386169697,0.159744528019463,0.799370266932957,-6.22321295252936,-2.35195753815364,-0.0354988091256205,0.699678872424293,-0.329948073503098,-1.83351904708886,-0.663957800198279,5.31697975831251,3.24071959598264,2.48116234702197,1.61162712762746,0.584450408903044,2.6633257806886,0.904189935918227,4.16353336280644,2.41727923406105
0.40625389726343,-0.158525199054739,-2.07972712823382,1.73569105105118,4.41711112839083,-0.671671943236611,-1.91039836942885,0.211699890417693,-4.99007554218716,-0.620766536450867,-0.254167162069364,0.953199409133034,0.256362113869008,1.19537985641927,-8.19886869931202,4.44947634829617,-0.0513167707215788,4.68901925896129,0.437158486019678,-2.42433877231187,1.35732284150516
-1.77228567300982,-0.15635202620383,-1.35883168382614,0.0465137093125259,0.305627365753095,1.54606948527267,-0.0436837759951506,-1.32575235990941,-2.45324171405657,3.72099208425794,-2.01967011912582,2.33790080248974,-0.328209160483625,0.33703279962789,4.28273339522927,1.15620166068445,6.12228484417456,-1.8599688830344,0.706555457728735,-0.0211121486778695,-10.0273231741559
0.0243181121142687,-0.55506305472814,1.01188889743843,-0.0268208606918489,-6.93096823674036,2.80705265914186,1.61186445471277,-0.0828763088427547,-2.80814104431031,1.0296982946024,0.980814130085227,-2.16649205188297,1.31833352156441,-2.06679457255609,1.195067071615,-0.365759385379048,-2.16958711680791,-2.61875503537753,2.34814310876046,1.19013497043683,1.10077785606516
1.74870706604464,-0.570657659059545,0.078710467630137,-0.429642652126268,-2.11799381502788,-3.3836703587247,-3.79227809450886,1.38119326424196,0.859998425657335,-2.2517254190897,3.69295070541889,3.1542640351725,-2.49044555988574,2.30683689842086,6.55968780965862,-0.717699671281749,0.888476218513382,-2.51008760778863,-0.954961542326937,0.795127068361689,5.92879541961061
-1.60618739300699,-0.260649384313255,-0.856375884471238,0.354758262416599,1.61023885909866,-1.60242465310087,2.26948472528571,-1.19925237629965,-1.54807913865529,-2.84521475630426,-6.3222735323832,1.30417506283778,0.1466448400615,0.408736553897228,4.64013908836038,2.26828219074072,-3.90602655756023,6.28758198661646,-1.88774793360764,0.754476060002478,-7.50245331635765
1.06337440832025,-0.290552372583706,1.15463621791309,-1.11643733837363,-3.28625592603885,0.62976902525427,-11.4370912646566,0.951703291612408,-1.7730131897786,2.21134630405084,-1.84562755778225,6.68910655784085,3.94173997436445,-3.77172302452481,-4.19274790302381,-0.443888216774889,2.71619701658943,-3.14170960799577,2.27581490710056,4.30917784114733,3.73513725130631
0.331756525695069,0.883606608002182,0.14287076688049,0.182393273248883,1.1035090730301,8.69163574309936,2.9672405233593,0.219239807787393,4.90753147778631,1.02860160983023,-2.10831673326821,-3.98182483284859,2.72900705883949,5.32535011997089,-4.47388148144081,-0.4992866200239,3.74387601085022,-3.33523084378742,-2.22645512157138,4.47186428044259,2.73858982345317
0.310028056387314,0.552188079195374,2.45032976975975,-1.14861848951002,0.355677003356474,-0.3466846694005,-2.28755970268132,0.317949231154389,-1.66766982780174,2.17728359275285,0.97865829829224,-0.680912365244941,3.20832615865684,-6.0275761735312,-1.96120965663884,2.17862111563099,1.43557852435469,5.61083082780121,-0.675607350390734,0.788492180514577,1.5371835046808
-0.387999307728327,0.456213066383999,0.124477569626981,-0.903770093445413,-6.94407354411433,-3.86682745700925,-0.796308168042874,-0.242746268014628,4.33093634139607,-1.90398232293612,0.343447977722943,-3.11108477005742,3.54656216076383,-3.73006502141506,-2.08301754059705,2.45317894868163,-4.47173486665549,-4.86163371059683,1.42294238618675,-3.19482856407009,-3.54371560725249
0.607847439552358,0.146186769255888,1.82126714568467,0.478575617002091,2.11006061232743,5.3959061764983,3.79555274517223,0.410071557664629,0.624789551623234,2.01941174568213,1.73850575048552,-0.884355376687843,-2.85504070509416,4.11962514012092,-0.523584134214313,1.84192971870257,-2.35816454768504,-2.14443320238235,-2.05509195266024,-5.7726692834873,6.62170355439103
-0.037075592249289,1.2742446435229,-1.60507103462144,-0.96594487581057,-3.06521150698683,1.23379460447222,4.44648022135606,0.0195206279208748,-1.52778995002667,2.58983647899005,1.84754938615613,0.991128804067331,-4.32132330130997,-0.677997851005739,-2.7473718056394,-0.399848870664877,2.41557262204521,-0.876722841335297,-3.77480039741263,-3.0624103035953,-3.8391369203551
1.25793178086233,0.147172521925917,-1.23652214571954,-0.750081678808957,-3.51746566736244,7.41922011056665,2.88930737201619,0.876783562404051,-2.33119478854173,2.93316332080726,8.76727970168128,-2.63438782365866,4.40542341396978,-0.466628625247537,-2.65702388629607,1.11944710574188,-0.631669130058856,-1.24915527975499,1.55234554421075,0.47588099241127,1.70508762925769
1.0765256075249,0.358942021600311,-0.433858138958136,-1.34323654987232,4.72166228396016,-0.514852381434729,-2.33540026523956,0.861024954818938,4.86906345377728,-2.58355724437683,1.29979905293332,-2.24572250883697,-0.137726651254898,0.387626008476414,2.21880895901967,3.3524610608186,0.962966195656032,-0.422032468947126,1.27815226041738,-1.58800841386506,1.34797793605481
-1.10214976346794,2.39580429824012,1.03234136228041,0.149862325883531,0.932496530167356,-2.06440047511276,-1.93874248506497,-0.821427437313474,0.215425827142825,-2.2814386761,-4.63968479599049,-2.62162501506821,0.567625296885731,-2.19512608712493,2.56355257271533,-2.63469106928056,-1.27360970159426,0.540833830368721,-1.96271448181275,-3.31516050906053,0.0399364224088221
1.10248334821299,-0.446786925999542,-0.234313463658362,0.888664437611678,-0.6544080053757,-1.06748128364049,-1.1229906237839,0.929604824360086,-7.25979914652606,0.697220636447319,3.76429220598292,1.27909721194785,-4.17077042878318,-1.26514516988604,-0.458916757877747,8.2513269264986,1.69213205775464,-2.32184704957456,-0.29043622813397,1.96430151668362,3.95686770775814
1.05378155450818,-1.16990229847879,1.68685640324371,2.43163195943619,-0.479335100708498,3.39060637484176,-1.19122326101086,0.844823460913887,-2.60027489891598,0.42700705561121,4.63120660156895,1.11021628365429,1.74565457159216,4.57780389229418,-2.28922547057404,6.91771271065429,-3.66830655428543,0.619324240490542,0.32921550032418,-0.136260356407777,11.4240655929571
-0.0817549468659557,0.399699715422573,0.86589160713039,0.497307704637769,1.27800518864603,4.74865126494457,-0.733835536149075,0.0397584322010849,2.93142779176028,1.56975892172191,-7.2860830372053,-0.294472618858063,1.94190572042283,-2.75077374944365,3.6470380394985,1.76560784279363,0.090563875565159,2.53783245720569,-4.16619024931229,0.865934408397591,2.76988199819655
2.26436683650119,-0.749675994525349,1.17935737175289,-0.880544977563435,0.562668170848348,-0.357279072643339,6.95979841756817,1.67336889180269,-0.332667946375267,-6.01817356651099,3.22584518406638,4.31597041310593,0.504317370395875,-4.82066630916869,-4.65835003661904,-0.991522767199978,3.1457182416453,0.381961448570806,4.20504651401573,-4.40651126787538,10.2764253814022
-0.192900037144549,-1.98829130959471,0.18140314585107,0.26887411314575,-3.79313932305012,-3.25562632390104,-1.58784160116171,-0.106054347581221,-0.775161602663941,-0.0738194970743719,-2.71702762173775,-0.0624490475821914,0.550159715592453,-2.13118158615821,-0.148746912178482,2.34432545224915,1.98636695248062,0.783741272228595,-1.0458047302544,7.78680395091811,-1.94588805518982
-0.0643695000333811,-0.233110054214058,0.909896598927716,0.437638261725187,1.74567627312136,-0.650637050404283,0.285282889317813,-0.159152338377329,-0.241108327548739,-1.13559751696092,-1.07192996015792,-1.00198147989786,2.59456430380927,-3.14163092577138,-0.538224830742321,-1.6165911158861,3.16744832727213,-1.36128008823591,3.88941046876187,-8.13737556431574,-0.36443655249962
0.909217232550346,0.307355213530595,-0.955855873193635,-1.25953805016322,1.79948076415021,-3.30742654993838,0.0824013318430178,0.842995487049792,-0.886505950070242,4.9300949063098,1.73712590465025,-0.438882486297297,6.60001695711417,-0.527698564391827,-3.05836033857618,1.26443886184839,-2.87193748113524,-0.183642314096351,5.35057623958584,0.624636348155554,-0.307357057584564
-0.0234385301121501,-0.0444972077964226,0.172729506059514,-1.76826782630834,-1.30687522195,7.74699369655092,-1.53403656136005,0.165035627271511,-1.51297276335293,-0.660428632759726,4.55780507372231,-0.138430161101118,-2.39651542704726,-4.68226300335498,1.65568207151149,-0.962556500028186,-1.21531201431271,0.51693617926861,-2.19287480712188,1.23527267281689,-3.46976106655484
-0.902213175332453,-0.203056121852901,-0.746018641849209,-0.446330933870913,-1.46357266404874,-2.97260012778589,-1.49173225763171,-0.660263650808963,-1.89855977459391,4.98874646977243,2.49018684868826,4.21608554720533,2.52788930833528,-1.12286201527192,-1.64374526940061,1.24816384270285,-2.9127767079046,-6.72156579287302,0.759486729549854,0.631280360684618,-5.07710474964204
1.32334783799123,0.444147420832494,-1.38824808879467,0.877493659333797,-0.258814604906276,-3.502939886909,-3.38290374966735,1.01198923670447,1.96386614581843,2.22863115366439,0.443549018253345,-0.406965904732426,-0.318734363828244,-2.03712571402662,-1.76681173624876,-2.3048680772372,2.36729363327543,3.30744625860886,-1.81827016570792,0.50332044207439,5.92956027243332
1.33412925061506,1.26563398617963,0.538034188799977,2.43637082413299,-3.59669300518048,-2.3114312939976,4.67775869641596,1.08791717641173,-1.86087116146689,-1.42320793392154,1.75155719124676,2.87300995975142,-0.425804344736607,0.30097926280691,-0.560804663458161,-3.25523390067016,0.29728517137553,-3.97341715989266,0.724033868148841,-3.45775376459151,12.782936240652
1.35066675448748,0.480640624017332,2.10480345246171,-0.199305561767941,1.49157023390553,2.71391312058166,-3.28433491847963,1.00622301165888,-1.65610780142664,-2.11629211111455,-1.78767668596164,-0.210261904575665,-2.94249491942865,5.34476823913746,1.54142781556705,2.26605652202793,3.37066135278344,-0.751451112926816,-1.44596474372911,2.67908367378991,8.26613343256274
0.165996470638637,-0.327155614714563,0.892356546659698,-1.18447343705942,5.00760769320567,1.5246464583716,3.11771698451653,-0.021126439463096,1.49439830127536,-0.0701651296565796,0.350611789770315,-2.5634146521571,-2.21510548235535,0.53596282610577,2.73036178495957,1.70742080054801,-4.3514999004056,-0.253143667741964,3.59576126789916,2.66929203861587,0.444098225685637
1.28592131397966,1.29111927150018,-0.0723167724369158,-1.38031345027001,7.55291326550114,1.99226035995945,-2.17300484423969,1.13274225172887,-0.48407767419761,4.22781892444104,-4.35995517441357,1.4925969900867,1.94824634343576,0.95303264671313,0.305055786173783,-1.10727754837767,4.00073046711491,-4.86821859397283,-3.85899910094353,1.63869022514435,4.6445339511468
0.356165095951768,0.542473957609123,0.740591143818619,1.33561839896759,-1.98817322459856,-2.90565003995422,2.63298514056031,0.161150086431885,-0.937163236580624,4.34040871009456,5.71637627971236,-0.643992729798569,5.38613873040976,8.27805477877549,-0.987170239508246,1.39500961079088,-2.05598747747739,3.81884796994379,-5.42008231547047,-2.50424246209669,8.66460689130305
-0.308445312495967,0.387428158836632,0.825641277150264,1.13091667030472,2.64763987211871,1.12703457573373,-5.50000539102206,-0.304245571054749,-1.62631818658384,3.93674851299237,-1.42614189472137,0.545484105612578,-2.77160706894606,3.36821165498347,-3.48905102672638,0.838462214978663,2.46422706172417,4.22275008098826,0.305302777500241,-0.544625703788099,3.02673549983479
0.297976822654488,-0.606120821190202,0.571071019430976,-0.762031429845755,-1.16686637884915,-3.09731964592812,2.00912180574927,0.260436354653842,-1.67686016512762,0.376746598072054,3.78134228663751,4.85683094509772,-1.60645256308307,-5.29405232397172,-0.866065444011857,-0.266542700039235,-2.67054589733956,-0.189289426513398,-5.95180197752744,3.75092722234965,0.677889532339959
0.487001075721961,-0.15853198840572,-0.940724460202077,-0.252264557056663,2.97618216184835,2.66931436110662,-2.373244033153,0.426452329903656,1.42724863123161,2.97625219798235,4.33181745533226,2.49159775957366,-3.73894359722322,-2.10466884297188,-1.20891001091056,-0.165685024119948,-2.95776946341842,-6.44884123398006,-1.85053443629316,-4.73573972733681,-0.994725244640832
0.411998796432235,-0.320826651623724,1.84840561795464,0.538699310133861,3.2087480722133,0.159080197124313,-0.824879760727176,0.189588447115826,1.01881005900106,-0.723231314788076,-2.16779338371425,-1.03454623462918,-3.95745849021983,0.543005333078768,2.61176045520102,2.02008707805138,2.88747303469342,3.69820227040784,4.66010452747571,-8.42770630844607,5.63216229767766
0.474331958499197,-0.0476814280819679,0.785857278352858,-0.0537323035744128,-2.95961408898723,-3.33572422751423,0.310520739617006,0.513785171842793,-3.07614100771524,-2.0326209976055,-0.867662152007945,2.60969929112281,7.14977088249272,-0.721978247245746,5.74854323523487,-0.778499585376945,-1.67212211814372,4.41751044369267,-0.598794331330748,-3.01006238801532,2.10260359892647
-0.229461486607469,-1.14271430900861,0.747789045724348,0.139982324112626,-3.11517989877894,-3.89425923930459,0.354630750790021,-0.433200312930555,-0.00331580229684354,-2.43998475675717,7.8561267555844,2.91573304817057,-0.948666857291327,0.636651117043064,2.29792231107827,-1.74294934591033,2.03323660673906,5.93086768504822,4.20003416825478,-1.35766654536402,-2.02584589561509
0.426656653497708,1.09613127957683,0.533476900585687,-0.972434305194058,-0.681256358212566,3.36857797911987,-6.99656275177795,0.376756776230523,-1.81870357310578,4.01375393448217,0.822761003367369,-2.39284006034457,-2.96979474464828,0.587777892414196,5.60268641058392,3.73790184824733,3.89511312098693,1.03872764787242,1.52174076896022,-1.73343642620384,0.777044431035005
-0.336096546689636,0.666590744056741,-1.03811892713129,-0.233412319188433,-1.03242456452425,-0.479415350263558,-1.15873449591223,-0.123240433976573,-1.04977352082303,-0.261635549006551,1.44535042000938,-6.57850475304353,-0.409518840754491,3.24113009331575,1.11857219454201,3.07754513577769,-3.62938172795438,3.31152108178142,-0.450960377863288,1.18297450265988,-2.66743596816294
0.999345453786365,-0.402949766194609,0.478144265287749,1.45032039803822,-2.85527221334824,-1.78756734060541,-0.834507574960767,0.680606272127363,-3.34463786649681,8.26355484185116,-1.56600980718349,-0.143459549772834,1.8455774033588,0.799990330238088,-2.87338808128943,4.00836631337363,-2.82030517728256,-0.488228688433175,-0.933925497260578,3.04341599743105,6.90241729117802
-1.01335842124092,0.340245422328436,-0.504194813933452,-0.776098206855641,-1.09127947453789,2.59247382295205,3.42758851838849,-0.668416609501693,-4.05356703934997,3.09096399843487,-2.17459969710909,-3.861630564823,1.00530234257327,5.29333211455248,-0.549273612744451,1.1847039603941,4.45386942219505,-2.41411255225734,-3.84196966210921,3.72299531211071,-4.60964726154787
0.0968423079873404,-1.00073965251537,0.218810702407939,-0.0580513445744985,0.624304865383498,-3.49654274511875,-1.82315516228144,-0.0781487279690158,0.424666604720753,0.19834428354463,1.42751209816204,-1.85184012755033,1.13185678073463,1.29035039243185,-1.73708063080163,-3.67446241536313,3.11439528191769,-3.49325586758321,-0.636199539911462,-0.607917051734614,-1.95749291091431
0.00354500856476744,-1.52841714768416,-0.785233823316966,0.419587622410647,4.45266578019625,0.961951228552503,1.66953425366,0.0304651733803445,0.792801778089607,0.754113958884034,-2.5061811052063,0.0155029850676956,-2.04508923744656,-0.682258736675515,0.461116204114733,0.673184091350937,2.14031590308915,3.09072590024873,0.407611002527437,-1.40388780951635,-2.99815830863474
-0.160691317663373,-0.666708099694724,-0.258817414957589,-1.12750862105541,-4.03837355537638,3.10443960210245,7.88405303232776,-0.133914172720537,1.334733663403,-3.78327677585431,-4.40754464329306,0.00551858307057932,-4.63898729941177,1.3466310594359,7.17213169284346,2.31678816754856,-4.84344109846679,-3.30744028694177,0.750369189419532,2.52552809272527,-6.2714811377136
-1.70548454727443,0.267240708083896,-0.74136397881291,0.31040660026698,7.82484038076544,3.63652377955444,4.42010554300705,-1.4304791247713,1.65625948810929,3.30924119619294,0.0498045248877786,0.0125732977549285,2.88429771244481,-3.69036137278384,-2.52291649272593,-0.330244692269764,0.00654796393968857,5.12654205477036,-1.73713591374103,7.58982541972116,-6.30544116764862
0.64267697154198,-0.739577306543627,-0.429382496122658,-0.464089414044215,1.83674447143458,4.05400035206534,2.72457697548623,0.58792388265291,4.78749217964311,-0.401626263464938,-0.926588879767279,-1.53564613173159,8.92601876105259e-05,2.67905317417636,1.51852614442248,2.22589462488168,3.65396877225255,-0.427901787201384,4.35365700169708,-3.26576436075784,0.0879356917211803
0.857292969226181,0.0736917132799982,-0.733162706633559,2.03422239296815,4.82476057054037,-1.11802777752069,-0.740981852564021,0.635896881727973,0.47439132283224,-4.04313247638666,-8.6813852492516,-0.0132261431051889,-4.17348966569307,6.83349208616859,-2.58885737367067,2.26563124814026,1.31441559818445,1.56986006921595,-1.3830754075473,2.585698885165,7.6489213128473
0.67664891259533,0.0725753874352285,-0.630785956967019,-0.100586977873891,1.86346880395499,-5.39152735050118,-0.228035894011612,0.678892740265475,1.27871701663918,0.441899917812007,-0.199578574478993,1.55851721268917,-0.640335239326976,1.10868832329364,-1.90327506404651,2.7890703873181,-4.46398257167326,-1.73804480713224,4.89018487778891,4.30065782875936,1.97324538412842
1.2445213236954,1.20331750530667,-0.633904512904187,0.673503376099034,2.27899882855549,-0.578312611827354,-0.501889236497051,1.04694604464496,-0.469834328563602,1.97399660472166,0.237308377883701,2.22398317484866,0.325298137706247,1.27478369785888,-1.53605838243725,-0.33603247927785,1.76635171222909,2.11825224656585,1.7032213652718,-3.68299975634096,5.25505090291288
0.260593870174863,2.25456447243147,0.431225527013387,1.28403052528343,1.81347624764253,-3.99436786980728,4.21420690756863,0.17710750911,2.07803928567578,-4.24551874663193,-2.08454031567843,1.51519235412402,2.10599066627451,4.97529339970093,3.71201161400895,3.91074931857782,2.84872387810748,-3.07493214557961,4.69364747965729,-2.64716042446349,6.86208824531452
-1.90519335216754,-0.994554278441168,0.147841302684202,-2.45230244377195,0.131484968280819,1.38881943653577,1.40660059732224,-1.49197845726287,0.570633288109781,-0.807594784840984,1.98500107335996,-4.40460717253097,1.18102525760862,2.20604063975585,3.53990093697592,-1.50178310839964,2.47619043036904,2.36736705393462,-3.24893913914633,1.7653417389744,-12.4352930336793
1.67963260557504,-1.72437523137115,1.09803780071732,-0.0479507614040452,4.97883654540514,-1.85639288045615,-2.18571023583995,1.42757992740337,3.96882674438349,0.404023882858486,5.30165741678066,-2.44065489514689,-2.38878567047418,4.44109570427961,1.61161535901116,-3.70639646365188,0.111112391293881,-0.989573209873863,-3.63841913242042,-0.196153732374111,6.1459563680226
-0.310420099526909,0.748175529628954,0.00311137694507054,-0.0939957579284258,3.98828828537993,-1.67058564233957,-1.04142869292226,0.056146036653149,-0.533877931272773,5.62751467226719,-3.50491484086504,2.41535540227533,-3.30424480880025,-1.44862346219476,1.66129340319462,-2.91935303708295,2.39551763817215,-1.24018311752356,-4.26940699622228,-0.586030427992572,0.154910678532928
0.116718497232716,0.262036118277076,0.335549117665564,-1.33907053161694,-2.04901732184583,1.2228468551787,-0.405344722073127,0.240300312553155,-3.35269032266407,-0.664225749833099,-0.240581158271068,-4.05193894082273,-0.788783453327342,0.174014320583597,0.838422750349191,-2.31361917915438,1.31519976907375,-2.65936646180362,4.41780680662311,4.52848747469667,-1.47392017995697
0.744707045988739,0.00105058085530935,-0.836791535154794,-0.27852687416277,4.3595572045377,-0.153328579135202,5.51390812045353,0.637253214279848,-0.310457423867871,4.46559621256357,1.65035163089325,3.85965900095956,1.75002732997181,-3.64970651995416,-0.015452540774401,4.18993629838574,-2.08575107965915,1.00364580522905,2.84336580577001,-6.63069452942664,1.89856122036553
-0.455969327400841,-2.17036627427754,-1.22867022580769,0.732105456341315,-2.38649758653229,0.502420824056081,2.75844857111003,-0.4485938627803,-1.32629412164906,0.343638754064829,3.50710641644172,-2.49364925350735,1.20767942292875,-2.1609837677405,4.07214977819915,6.0893660007913,-0.743159046929802,2.47438940861727,-7.94907026086809,-3.4621550212973,-5.825820639657
-0.0714517100736727,1.23017394435967,1.67670330866031,-1.64893770539752,6.12842760164209,-1.71801714357975,-1.4742442890803,-0.0916082159261594,0.250815216076377,-2.58564444337261,-2.14697697801141,3.35790124177632,4.46612093367907,-6.15608566252325,-1.64683824262226,-2.31256967240649,2.42976651383364,0.221877667445647,1.66609212529051,0.279902375127575,0.924289495020713
-0.235272312522257,0.840121193933633,0.517315142282031,0.558351367936188,0.540320363718422,3.46287523787396,6.1907351506321,-0.262355403333151,2.33762687226018,5.53096614605928,1.77553441624429,-0.0697345486502647,0.408638552577224,-6.01093759109769,2.34374965604618,6.18865702713529,-2.2456476478199,0.75134447336818,-0.621049627880061,4.33266312814129,0.463773461798694
-0.157807787713103,0.132076662658288,-1.29688938150644,-1.60414007012075,3.29685861324168,1.70787281891417,-2.38794345942052,-0.225672059161733,2.68175593347903,-0.542386055040848,0.241848889886955,0.138500644372462,1.06738908955246,3.726521649337,0.931514026067588,-1.35678534694749,2.38388823702205,-2.50214779077836,-4.16087986246609,-2.56830282153941,-6.18317632797371
-0.817828801924877,0.0107960565754408,-0.132579240306617,0.382878805809822,0.129619453739501,-1.14937529642694,1.15510080065506,-0.644495700370447,-2.5821607164624,1.73928978164662,-2.2750352889604,-6.21034144818259,1.6405580683429,-1.37361457590212,-2.20085008746006,3.45913770976843,1.61600446649027,2.85151747267798,-1.5683917274935,-1.50047179352451,-2.04261016849234
1.92169124202513,0.269586138153679,-0.560052536020952,-1.94453787745182,4.50029154225229,-1.90432171519686,-2.14739109649869,1.64019207234727,-1.05389235742714,0.811002370716226,8.57619696311464,-3.704739398354,1.84816521104016,-3.61464163657285,0.954635538957466,4.26776722387695,-4.47129216907983,2.3233900613934,-0.829934242495176,0.648396289829175,2.59886691407296
-1.20039877036275,0.179340252229154,-2.13803405332966,0.0212342458989563,-1.42131382974904,-2.02017929697352,0.902444732824473,-0.925545606813106,-2.76730307729792,-3.36678147309867,-7.72893874312233,5.41605110959152,-5.07166683812443,-0.15750400716076,-0.299819006653754,3.00116905722121,1.97906126188034,0.615430811432581,2.98446530229122,1.76902460978989,-7.18005985063352
-1.10951756849745,-0.346609104019162,1.02570936927585,1.00831851222397,-0.511331587336772,0.381022188293887,0.297604241830512,-1.11829121520958,-0.0678227367865861,3.86212404937696,-1.16340970779609,-2.85719076588806,-1.33738158634618,-7.33782482441094,-2.15917198157427,2.45482481225149,1.71201689293882,2.84556894722925,-0.846247847101324,0.318525286615683,-0.625642097701211
1.79700031714086,-1.73144519618408,0.102361748398822,0.970341392375525,-3.96550533078329,2.14972217785583,-1.68302033373729,1.37671695228658,7.07141595012756,-1.56064265430692,3.1570064888728,-2.40079181027439,-2.29166930292582,-3.53950566038581,2.36995240959334,2.43377335206461,0.957793413853405,0.666765676907954,-4.78201443575997,0.025058669342501,6.1285861002078
-0.178454890564711,0.913992903194828,-0.151976445820609,0.772424777441214,-0.836126290498132,4.12913160684153,-4.26756847625264,-0.152258642812931,-3.09555375362907,2.04199572483808,2.23488466793,-1.66519415645552,1.30156904978962,3.62864434701259,4.71443864129936,-1.47809072530113,1.58187492896361,-0.157365648612635,-1.65852546216261,-1.08688894718162,2.90272152999183
-0.155599999636005,1.63707482727653,0.779531066564994,1.55261749606496,0.311014609460311,-1.02377624363837,-4.30037511629919,-0.150787939862829,4.18630731730579,3.90288069958441,-0.738553288387887,-1.00567133701471,-6.15468929743583,0.364987714138163,6.04175418298509,-0.87920264954324,-3.98325881448089,-0.111713709573101,0.562122351464992,-5.37374732863511,6.87215872566517
-0.816943505484737,-1.52504099212798,-0.411810756964047,-0.687116393344545,0.894170667258969,3.3787451649802,0.688750419935261,-0.656465345665195,2.29191667924381,-2.20532772590628,-0.390030098979702,1.09326405312626,2.09357960191452,-2.5269791365232,-0.332519173473184,-1.05068581389728,2.45077356702033,-2.72604621851012,-6.49510536018522,-2.26323757302313,-7.45564952279687
1.59186252660081,-0.483052298951999,0.191557338415931,0.628700315503659,1.30269759461074,0.957045947421627,-0.969042469829986,1.18510460683042,-3.46064191816219,2.03810608957843,1.897150573171,-0.651528426019584,2.69054025616102,-1.19360493270721,1.68931475374663,-3.16350998511856,-6.79574467791192,6.15821076533363,2.32465185688991,1.28205872833466,6.97047618727452
0.485217841101616,0.204317613721206,0.287262157354898,0.615748515854549,1.62386769356678,2.24430981686319,1.12952296824533,0.473434895535198,1.40755218890256,-1.67954418136366,0.250441785283095,-8.21808556396434,-4.63097951267502,0.359138314570522,-1.6496261476169,2.84044083031232,0.504534762282466,0.814071586668035,1.56275842724473,1.30919609280913,2.40899896579539
0.830396421891132,1.99879142546816,-0.871216390008383,0.324666267068705,1.39468469036743,1.33271559233294,4.18112579108303,0.770844839391956,-0.911591812004937,-5.0647274129908,0.763969683914312,-2.69564522397598,3.10845781462709,3.80937077923081,0.252252188585659,1.4461508777722,3.82397379639159,3.06095262864133,-1.55121448840211,-1.45471801260651,3.82310607424899
-0.216851496701433,0.988128872086546,0.333004622379853,0.173298906223575,1.31913676164046,-2.92647591578607,-3.30469834500712,0.00107932259057711,0.282882312345209,-0.933672209688159,-4.53088790685858,-2.26575105414907,4.89038749861385,0.00974048637989171,-3.76830480800407,4.20394674004971,2.56929312949673,0.418489306332681,-1.54638346825083,3.09692338412128,0.533423552084842
0.562878434201438,0.513590072599402,-0.900279014490639,1.05740976816282,1.19400888870174,1.57925992026126,4.36531894285775,0.360589759117925,1.58904742987468,2.97870880881372,8.12579440524723,3.0417949379744,-0.629876812480558,-2.58269317799054,-3.199532233369,2.8366449317579,-3.6729759046089,-0.888395522085317,-5.05045877935258,0.291850536361742,3.31554784094367
1.32906107212689,-0.811032785024514,-0.594340221277427,-0.647232708931246,-2.70308759355978,-0.516020056911107,-1.40683433642714,1.05996283499436,2.25557794302516,1.23201615461845,-4.9710374404972,-2.50146035384507,-4.21860169888081,-3.0718017110161,2.12741949581678,-1.77025237002457,3.04390279620085,1.52588203601877,-3.65253350145084,-9.33551025057057,2.21202920145946
0.123108269739164,-0.332065343838789,-1.78884223105983,0.757491249734836,-2.06658460789379,-2.231692467821,-2.26107828957776,0.0962730796087808,-2.26285644100202,0.165677322546101,-2.92828229380474,3.23475943619232,-5.82933659666629,1.60256199948414,-2.45521829045245,-6.32372616961305,2.84238859316512,0.0365677144882059,2.29081805714364,1.58142665585753,-0.0405348161161594
-0.665035205005926,0.0964465532859327,0.747918643932143,-1.82129362469641,-0.217687317022537,2.73499882153595,3.93779415091925,-0.561976284727579,-0.407385493216499,1.63710049988081,2.7992032784366,2.60218974368641,-0.0203956996258269,-0.87685052866673,1.52166831031506,5.30796375972549,2.60198246482743,-0.0542299203141559,0.600125105038466,0.989537219090393,-6.59165618173626
0.804380765845042,-1.59533988108328,0.618250276051528,-0.0623860380047695,2.10094405956268,2.9873157456011,-2.4067163477079,0.663162563081966,2.96880412493428,-5.70140346110774,-1.19432322935175,-1.89480405168536,-1.53435579032509,-1.22890456208192,-0.926531454712486,1.64132054744919,-0.267106001056661,1.16233246939771,-0.245704623005331,-2.68087305315358,1.63598971617258
-1.86629636547576,0.681735771559741,0.779742096915403,-0.892148848491371,2.58122168729999,-2.16468995545749,2.77142724233736,-1.67341500868305,-4.62275627547634,3.98198921241567,-0.361466602781378,-4.0815796976355,3.79657263843333,-3.25041266909183,4.83145569023472,0.647241904953013,5.52291030977679,-1.05225731368944,-1.70497771990403,-0.231085403249696,-7.42162645867447
1.67682485297163,0.77090398936765,1.34352228772651,1.06970125409016,-4.13149668053489,2.85409939679156,-1.28567676480092,1.26469175019505,-0.108962071938835,2.54546477645486,-0.451484855676329,2.39627005903813,0.672644113642254,1.30005369634482,-3.72335523312376,2.70517258702326,-6.81223681454247,-1.17400703280431,4.56557822439132,3.02012450535106,11.6140434135998
0.484190964376486,-0.931863871375298,0.755009085207231,-1.02363807053152,-1.03945465355142,-0.292476014352472,-4.41297918797427,0.459998353257311,3.88666142404325,-1.19799790392479,-4.01891162095985,3.57851987723572,0.434516247109097,-1.26864989595437,3.76810889512727,-1.96020758652261,1.7130851226757,1.14762687813168,-5.61546362119861,1.79520889474188,-1.82109697877697
